Ticker,PaymentDate,TotalPayment,Amortization,Interest
TY30P,2025-11-30,14.75,0.00,14.75
TY30P,2026-05-30,14.75,0.00,14.75
TY30P,2026-11-30,14.75,0.00,14.75
TY30P,2027-05-30,14.75,0.00,14.75
TY30P,2027-11-30,14.75,0.00,14.75
TY30P,2028-05-30,14.75,0.00,14.75
TY30P,2028-11-30,14.75,0.00,14.75
TY30P,2029-05-30,14.75,0.00,14.75
TY30P,2029-11-30,14.75,0.00,14.75
TY30P,2030-05-30,114.75,100.00,14.75
AL30,2026-01-09,8.3,8.0,0.3
AL30,2026-07-09,8.27,8.0,0.27
AL30,2027-01-09,8.24,8.0,0.24
AL30,2027-07-09,8.21,8.0,0.21
AL30,2028-01-09,8.42,8.0,0.42
AL30,2028-07-09,8.35,8.0,0.35
AL30,2029-01-09,8.28,8.0,0.28
AL30,2029-07-09,8.21,8.0,0.21
AL30,2030-01-09,8.14,8.0,0.14
AL30,2030-07-09,8.07,8.0,0.07
GD30,2026-01-09,8.3,8.0,0.3
GD30,2026-07-09,8.27,8.0,0.27
GD30,2027-01-09,8.24,8.0,0.24
GD30,2027-07-09,8.21,8.0,0.21
GD30,2028-01-09,8.42,8.0,0.42
GD30,2028-07-09,8.35,8.0,0.35
GD30,2029-01-09,8.28,8.0,0.28
GD30,2029-07-09,8.21,8.0,0.21
GD30,2030-01-09,8.14,8.0,0.14
GD30,2030-07-09,8.07,8.0,0.07
AL29,2026-01-09,10.4,10.0,0.4
AL29,2026-07-09,10.35,10.0,0.35
AL29,2027-01-09,10.3,10.0,0.3
AL29,2027-07-09,10.25,10.0,0.25
AL29,2028-01-09,10.2,10.0,0.2
AL29,2028-07-09,10.15,10.0,0.15
AL29,2029-01-09,10.1,10.0,0.1
AL29,2029-07-09,10.05,10.0,0.05
GD29,2026-01-09,10.4,10.0,0.4
GD29,2026-07-09,10.35,10.0,0.35
GD29,2027-01-09,10.3,10.0,0.3
GD29,2027-07-09,10.25,10.0,0.25
GD29,2028-01-09,10.2,10.0,0.2
GD29,2028-07-09,10.15,10.0,0.15
GD29,2029-01-09,10.1,10.0,0.1
GD29,2029-07-09,10.05,10.0,0.05
AE38,2026-01-09,2.5,0.0,2.5
AE38,2026-07-09,2.5,0.0,2.5
AE38,2027-01-09,2.5,0.0,2.5
AE38,2027-07-09,7.05,4.55,2.5
AE38,2028-01-09,6.94,4.55,2.39
AE38,2028-07-09,6.82,4.55,2.27
AE38,2029-01-09,6.71,4.55,2.16
AE38,2029-07-09,6.6,4.55,2.05
AE38,2030-01-09,6.48,4.55,1.93
AE38,2030-07-09,6.37,4.55,1.82
AE38,2031-01-09,6.25,4.55,1.7
AE38,2031-07-09,6.14,4.55,1.59
AE38,2032-01-09,6.03,4.55,1.48
AE38,2032-07-09,5.91,4.55,1.36
AE38,2033-01-09,5.8,4.55,1.25
AE38,2033-07-09,5.69,4.55,1.14
AE38,2034-01-09,5.57,4.55,1.02
AE38,2034-07-09,5.46,4.55,0.91
AE38,2035-01-09,5.35,4.55,0.8
AE38,2035-07-09,5.23,4.55,0.68
AE38,2036-01-09,5.12,4.55,0.57
AE38,2036-07-09,5.0,4.55,0.45
AE38,2037-01-09,4.89,4.55,0.34
AE38,2037-07-09,4.78,4.55,0.23
AE38,2038-01-09,4.66,4.55,0.11
AL35,2026-01-09,2.06,0.0,2.06
AL35,2026-07-09,2.06,0.0,2.06
AL35,2027-01-09,2.06,0.0,2.06
AL35,2027-07-09,2.06,0.0,2.06
AL35,2028-01-09,2.38,0.0,2.38
AL35,2028-07-09,2.38,0.0,2.38
AL35,2029-01-09,2.5,0.0,2.5
AL35,2029-07-09,2.5,0.0,2.5
AL35,2030-01-09,2.5,0.0,2.5
AL35,2030-07-09,2.5,0.0,2.5
AL35,2031-01-09,12.5,10.0,2.5
AL35,2031-07-09,12.25,10.0,2.25
AL35,2032-01-09,12.0,10.0,2.0
AL35,2032-07-09,11.75,10.0,1.75
AL35,2033-01-09,11.5,10.0,1.5
AL35,2033-07-09,11.25,10.0,1.25
AL35,2034-01-09,11.0,10.0,1.0
AL35,2034-07-09,10.75,10.0,0.75
AL35,2035-01-09,10.5,10.0,0.5
AL35,2035-07-09,10.25,10.0,0.25
GD35,2026-01-09,2.06,0.0,2.06
GD35,2026-07-09,2.06,0.0,2.06
GD35,2027-01-09,2.06,0.0,2.06
GD35,2027-07-09,2.06,0.0,2.06
GD35,2028-01-09,2.38,0.0,2.38
GD35,2028-07-09,2.38,0.0,2.38
GD35,2029-01-09,2.5,0.0,2.5
GD35,2029-07-09,2.5,0.0,2.5
GD35,2030-01-09,2.5,0.0,2.5
GD35,2030-07-09,2.5,0.0,2.5
GD35,2031-01-09,12.5,10.0,2.5
GD35,2031-07-09,12.25,10.0,2.25
GD35,2032-01-09,12.0,10.0,2.0
GD35,2032-07-09,11.75,10.0,1.75
GD35,2033-01-09,11.5,10.0,1.5
GD35,2033-07-09,11.25,10.0,1.25
GD35,2034-01-09,11.0,10.0,1.0
GD35,2034-07-09,10.75,10.0,0.75
GD35,2035-01-09,10.5,10.0,0.5
GD35,2035-07-09,10.25,10.0,0.25
AL41,2026-01-09,1.75,0.0,1.75
AL41,2026-07-09,1.75,0.0,1.75
AL41,2027-01-09,1.75,0.0,1.75
AL41,2027-07-09,1.75,0.0,1.75
AL41,2028-01-09,5.32,3.57,1.75
AL41,2028-07-09,5.26,3.57,1.69
AL41,2029-01-09,5.2,3.57,1.63
AL41,2029-07-09,5.13,3.57,1.56
AL41,2030-01-09,5.66,3.57,2.09
AL41,2030-07-09,5.57,3.57,2.0
AL41,2031-01-09,5.49,3.57,1.92
AL41,2031-07-09,5.4,3.57,1.83
AL41,2032-01-09,5.31,3.57,1.74
AL41,2032-07-09,5.22,3.57,1.65
AL41,2033-01-09,5.14,3.57,1.57
AL41,2033-07-09,5.05,3.57,1.48
AL41,2034-01-09,4.96,3.57,1.39
AL41,2034-07-09,4.88,3.57,1.31
AL41,2035-01-09,4.79,3.57,1.22
AL41,2035-07-09,4.7,3.57,1.13
AL41,2036-01-09,4.61,3.57,1.04
AL41,2036-07-09,4.53,3.57,0.96
AL41,2037-01-09,4.44,3.57,0.87
AL41,2037-07-09,4.35,3.57,0.78
AL41,2038-01-09,4.27,3.57,0.7
AL41,2038-07-09,4.18,3.57,0.61
AL41,2039-01-09,4.09,3.57,0.52
AL41,2039-07-09,4.01,3.57,0.44
AL41,2040-01-09,3.92,3.57,0.35
AL41,2040-07-09,3.83,3.57,0.26
AL41,2041-01-09,3.74,3.57,0.17
AL41,2041-07-09,3.66,3.57,0.09
GD38,2026-01-09,2.5,0.0,2.5
GD38,2026-07-09,2.5,0.0,2.5
GD38,2027-01-09,2.5,0.0,2.5
GD38,2027-07-09,7.05,4.55,2.5
GD38,2028-01-09,6.94,4.55,2.39
GD38,2028-07-09,6.82,4.55,2.27
GD38,2029-01-09,6.71,4.55,2.16
GD38,2029-07-09,6.6,4.55,2.05
GD38,2030-01-09,6.48,4.55,1.93
GD38,2030-07-09,6.37,4.55,1.82
GD38,2031-01-09,6.25,4.55,1.7
GD38,2031-07-09,6.14,4.55,1.59
GD38,2032-01-09,6.03,4.55,1.48
GD38,2032-07-09,5.91,4.55,1.36
GD38,2033-01-09,5.8,4.55,1.25
GD38,2033-07-09,5.69,4.55,1.14
GD38,2034-01-09,5.57,4.55,1.02
GD38,2034-07-09,5.46,4.55,0.91
GD38,2035-01-09,5.35,4.55,0.8
GD38,2035-07-09,5.23,4.55,0.68
GD38,2036-01-09,5.12,4.55,0.57
GD38,2036-07-09,5.0,4.55,0.45
GD38,2037-01-09,4.89,4.55,0.34
GD38,2037-07-09,4.78,4.55,0.23
GD38,2038-01-09,4.66,4.55,0.11
S10N5,2025-11-10,122.96,100.0,22.96
S16E6,2026-01-16,119.06,100.0,19.06
S28N5,2025-11-28,123.56,100.0,23.56
T30E6,2026-01-30,142.22,100.0,42.22
T30J6,2026-06-30,144.89,100.0,44.89
T15D5,2025-12-15,170.83,100.0,70.83
T15E7,2027-01-15,153.91,100.0,53.91
